{
  "music.menu": {
    "replace": true,
    "sounds": [
      {
        "name": "hytale:hytale_1",
        "stream": true,
        "volume": 0.2,
        "weight": 2
      },
      {
        "name": "hytale:hytale_2",
        "stream": true,
        "volume": 0.2,
        "weight": 2
      },
      {
        "name": "hytale:hytale_3",
        "stream": true,
        "volume": 0.2,
        "weight": 3
      },
      {
        "name": "hytale:hytale_4",
        "stream": true,
        "volume": 0.2,
        "weight": 2
      },
      {
        "name": "hytale:hytale_5",
        "stream": true,
        "volume": 0.2,
        "weight": 1
      },
      {
        "name": "hytale:hytale_6",
        "stream": true,
        "volume": 0.15,
        "weight": 3
      },
      {
        "name": "hytale:hytale_7",
        "stream": true,
        "volume": 0.2,
        "weight": 2
      }
    ]
  }
}