{
    "hytale:hytale_1": {
        "album": "Hytale Portfolio Orchestral",
        "author": "Oscar Garvin",
        "title": "Hytale Soundtrack"
    },
    "hytale:hytale_2": {
        "album": "Hytale Portfolio Orchestral",
        "author": "Oscar Garvin",
        "title": "Hytale Soundtrack"
    },
    "hytale:hytale_3": {
        "album": "Hytale Portfolio Orchestral",
        "author": "Oscar Garvin",
        "title": "Hytale Soundtrack"
    },
    "hytale:hytale_4": {
        "album": "Hytale Portfolio Orchestral",
        "author": "Oscar Garvin",
        "title": "Hytale Soundtrack"
    },
    "hytale:hytale_5": {
        "album": "Hytale Portfolio Orchestral",
        "author": "Oscar Garvin",
        "title": "Hytale Soundtrack"
    },
    "hytale:hytale_6": {
        "album": "Hytale Portfolio Orchestral",
        "author": "Oscar Garvin",
        "title": "Hytale Soundtrack"
    },
    "hytale:hytale_7": {
        "album": "Hytale Portfolio Orchestral",
        "author": "Oscar Garvin",
        "title": "Hytale Soundtrack"
    }
}