{
	"credit": "Made with Blockbench",
	"textures": {
		"0": "./diamond_spear",
		"particle": "./diamond_spear"
	},
	"elements": [
		{
			"name": "netherite_spear_0",
			"from": [19, 20, 7.5],
			"to": [20, 21, 8.5],
			"rotation": {"angle": 0, "axis": "x", "origin": [10, 11, 23.5]},
			"faces": {
				"north": {"uv": [12.5, 3.5, 13, 3], "rotation": 180, "texture": "#0"},
				"east": {"uv": [12.5, 3, 13, 3.5], "texture": "#0"},
				"south": {"uv": [12.5, 3, 13, 3.5], "texture": "#0"},
				"west": {"uv": [12.5, 3, 13, 3.5], "texture": "#0"},
				"up": {"uv": [13, 3, 12.5, 3.5], "rotation": 180, "texture": "#0"},
				"down": {"uv": [12.5, 3, 13, 3.5], "texture": "#0"}
			}
		},
		{
			"name": "netherite_spear_1",
			"from": [17, 18, 7.5],
			"to": [19, 20, 8.5],
			"rotation": {"angle": 0, "axis": "x", "origin": [10, 11, 23.5]},
			"faces": {
				"north": {"uv": [11.5, 4.5, 12.5, 3.5], "rotation": 180, "texture": "#0"},
				"east": {"uv": [12, 3.5, 12.5, 4.5], "texture": "#0"},
				"south": {"uv": [11.5, 3.5, 12.5, 4.5], "texture": "#0"},
				"west": {"uv": [11.5, 3.5, 12, 4.5], "texture": "#0"},
				"up": {"uv": [12.5, 3.5, 11.5, 4], "rotation": 180, "texture": "#0"},
				"down": {"uv": [11.5, 4, 12.5, 4.5], "texture": "#0"}
			}
		},
		{
			"name": "netherite_spear_2",
			"from": [15, 15, 7.5],
			"to": [17, 19, 8.5],
			"rotation": {"angle": 0, "axis": "x", "origin": [10, 11, 23.5]},
			"faces": {
				"north": {"uv": [10.5, 6, 11.5, 4], "rotation": 180, "texture": "#0"},
				"east": {"uv": [11, 4, 11.5, 6], "texture": "#0"},
				"south": {"uv": [10.5, 4, 11.5, 6], "texture": "#0"},
				"west": {"uv": [10.5, 4, 11, 6], "texture": "#0"},
				"up": {"uv": [11.5, 4, 10.5, 4.5], "rotation": 180, "texture": "#0"},
				"down": {"uv": [10.5, 5.5, 11.5, 6], "texture": "#0"}
			}
		},
		{
			"name": "netherite_spear_3",
			"from": [13, 17, 7.5],
			"to": [15, 18, 8.5],
			"rotation": {"angle": 0, "axis": "x", "origin": [10, 11, 23.5]},
			"faces": {
				"north": {"uv": [9.5, 5, 10.5, 4.5], "rotation": 180, "texture": "#0"},
				"east": {"uv": [10, 4.5, 10.5, 5], "texture": "#0"},
				"south": {"uv": [9.5, 4.5, 10.5, 5], "texture": "#0"},
				"west": {"uv": [9.5, 4.5, 10, 5], "texture": "#0"},
				"up": {"uv": [10.5, 4.5, 9.5, 5], "rotation": 180, "texture": "#0"},
				"down": {"uv": [9.5, 4.5, 10.5, 5], "texture": "#0"}
			}
		},
		{
			"name": "netherite_spear_4",
			"from": [17, 16, 7.5],
			"to": [18, 18, 8.5],
			"rotation": {"angle": 0, "axis": "x", "origin": [10, 11, 23.5]},
			"faces": {
				"north": {"uv": [11.5, 5.5, 12, 4.5], "rotation": 180, "texture": "#0"},
				"east": {"uv": [11.5, 4.5, 12, 5.5], "texture": "#0"},
				"south": {"uv": [11.5, 4.5, 12, 5.5], "texture": "#0"},
				"west": {"uv": [11.5, 4.5, 12, 5.5], "texture": "#0"},
				"up": {"uv": [12, 4.5, 11.5, 5], "rotation": 180, "texture": "#0"},
				"down": {"uv": [11.5, 5, 12, 5.5], "texture": "#0"}
			}
		},
		{
			"name": "netherite_spear_5",
			"from": [14, 14, 7.5],
			"to": [15, 17, 8.5],
			"rotation": {"angle": 0, "axis": "x", "origin": [10, 11, 23.5]},
			"faces": {
				"north": {"uv": [10, 6.5, 10.5, 5], "rotation": 180, "texture": "#0"},
				"east": {"uv": [10, 5, 10.5, 6.5], "texture": "#0"},
				"south": {"uv": [10, 5, 10.5, 6.5], "texture": "#0"},
				"west": {"uv": [10, 5, 10.5, 6.5], "texture": "#0"},
				"up": {"uv": [10.5, 5, 10, 5.5], "rotation": 180, "texture": "#0"},
				"down": {"uv": [10, 6, 10.5, 6.5], "texture": "#0"}
			}
		},
		{
			"name": "netherite_spear_6",
			"from": [13, 13, 7.5],
			"to": [14, 16, 8.5],
			"rotation": {"angle": 0, "axis": "x", "origin": [10, 11, 23.5]},
			"faces": {
				"north": {"uv": [9.5, 7, 10, 5.5], "rotation": 180, "texture": "#0"},
				"east": {"uv": [9.5, 5.5, 10, 7], "texture": "#0"},
				"south": {"uv": [9.5, 5.5, 10, 7], "texture": "#0"},
				"west": {"uv": [9.5, 5.5, 10, 7], "texture": "#0"},
				"up": {"uv": [10, 5.5, 9.5, 6], "rotation": 180, "texture": "#0"},
				"down": {"uv": [9.5, 6.5, 10, 7], "texture": "#0"}
			}
		},
		{
			"name": "netherite_spear_7",
			"from": [12, 12, 7.5],
			"to": [13, 15, 8.5],
			"rotation": {"angle": 0, "axis": "x", "origin": [10, 11, 23.5]},
			"faces": {
				"north": {"uv": [9, 7.5, 9.5, 6], "rotation": 180, "texture": "#0"},
				"east": {"uv": [9, 6, 9.5, 7.5], "texture": "#0"},
				"south": {"uv": [9, 6, 9.5, 7.5], "texture": "#0"},
				"west": {"uv": [9, 6, 9.5, 7.5], "texture": "#0"},
				"up": {"uv": [9.5, 6, 9, 6.5], "rotation": 180, "texture": "#0"},
				"down": {"uv": [9, 7, 9.5, 7.5], "texture": "#0"}
			}
		},
		{
			"name": "netherite_spear_8",
			"from": [16, 14, 7.5],
			"to": [17, 15, 8.5],
			"rotation": {"angle": 0, "axis": "x", "origin": [10, 11, 23.5]},
			"faces": {
				"north": {"uv": [11, 6.5, 11.5, 6], "rotation": 180, "texture": "#0"},
				"east": {"uv": [11, 6, 11.5, 6.5], "texture": "#0"},
				"south": {"uv": [11, 6, 11.5, 6.5], "texture": "#0"},
				"west": {"uv": [11, 6, 11.5, 6.5], "texture": "#0"},
				"up": {"uv": [11.5, 6, 11, 6.5], "rotation": 180, "texture": "#0"},
				"down": {"uv": [11, 6, 11.5, 6.5], "texture": "#0"}
			}
		},
		{
			"name": "netherite_spear_9",
			"from": [11, 11, 7.5],
			"to": [12, 14, 8.5],
			"rotation": {"angle": 0, "axis": "x", "origin": [10, 11, 23.5]},
			"faces": {
				"north": {"uv": [8.5, 8, 9, 6.5], "rotation": 180, "texture": "#0"},
				"east": {"uv": [8.5, 6.5, 9, 8], "texture": "#0"},
				"south": {"uv": [8.5, 6.5, 9, 8], "texture": "#0"},
				"west": {"uv": [8.5, 6.5, 9, 8], "texture": "#0"},
				"up": {"uv": [9, 6.5, 8.5, 7], "rotation": 180, "texture": "#0"},
				"down": {"uv": [8.5, 7.5, 9, 8], "texture": "#0"}
			}
		},
		{
			"name": "netherite_spear_10",
			"from": [10, 10, 7.5],
			"to": [11, 13, 8.5],
			"rotation": {"angle": 0, "axis": "x", "origin": [10, 11, 23.5]},
			"faces": {
				"north": {"uv": [8, 8.5, 8.5, 7], "rotation": 180, "texture": "#0"},
				"east": {"uv": [8, 7, 8.5, 8.5], "texture": "#0"},
				"south": {"uv": [8, 7, 8.5, 8.5], "texture": "#0"},
				"west": {"uv": [8, 7, 8.5, 8.5], "texture": "#0"},
				"up": {"uv": [8.5, 7, 8, 7.5], "rotation": 180, "texture": "#0"},
				"down": {"uv": [8, 8, 8.5, 8.5], "texture": "#0"}
			}
		},
		{
			"name": "netherite_spear_11",
			"from": [9, 9, 7.5],
			"to": [10, 12, 8.5],
			"rotation": {"angle": 0, "axis": "x", "origin": [10, 11, 23.5]},
			"faces": {
				"north": {"uv": [7.5, 9, 8, 7.5], "rotation": 180, "texture": "#0"},
				"east": {"uv": [7.5, 7.5, 8, 9], "texture": "#0"},
				"south": {"uv": [7.5, 7.5, 8, 9], "texture": "#0"},
				"west": {"uv": [7.5, 7.5, 8, 9], "texture": "#0"},
				"up": {"uv": [8, 7.5, 7.5, 8], "rotation": 180, "texture": "#0"},
				"down": {"uv": [7.5, 8.5, 8, 9], "texture": "#0"}
			}
		},
		{
			"name": "netherite_spear_12",
			"from": [8, 8, 7.5],
			"to": [9, 11, 8.5],
			"rotation": {"angle": 0, "axis": "x", "origin": [10, 11, 23.5]},
			"faces": {
				"north": {"uv": [7, 9.5, 7.5, 8], "rotation": 180, "texture": "#0"},
				"east": {"uv": [7, 8, 7.5, 9.5], "texture": "#0"},
				"south": {"uv": [7, 8, 7.5, 9.5], "texture": "#0"},
				"west": {"uv": [7, 8, 7.5, 9.5], "texture": "#0"},
				"up": {"uv": [7.5, 8, 7, 8.5], "rotation": 180, "texture": "#0"},
				"down": {"uv": [7, 9, 7.5, 9.5], "texture": "#0"}
			}
		},
		{
			"name": "netherite_spear_13",
			"from": [7, 7, 7.5],
			"to": [8, 10, 8.5],
			"rotation": {"angle": 0, "axis": "x", "origin": [10, 11, 23.5]},
			"faces": {
				"north": {"uv": [6.5, 10, 7, 8.5], "rotation": 180, "texture": "#0"},
				"east": {"uv": [6.5, 8.5, 7, 10], "texture": "#0"},
				"south": {"uv": [6.5, 8.5, 7, 10], "texture": "#0"},
				"west": {"uv": [6.5, 8.5, 7, 10], "texture": "#0"},
				"up": {"uv": [7, 8.5, 6.5, 9], "rotation": 180, "texture": "#0"},
				"down": {"uv": [6.5, 9.5, 7, 10], "texture": "#0"}
			}
		},
		{
			"name": "netherite_spear_14",
			"from": [6, 6, 7.5],
			"to": [7, 9, 8.5],
			"rotation": {"angle": 0, "axis": "x", "origin": [10, 11, 23.5]},
			"faces": {
				"north": {"uv": [6, 10.5, 6.5, 9], "rotation": 180, "texture": "#0"},
				"east": {"uv": [6, 9, 6.5, 10.5], "texture": "#0"},
				"south": {"uv": [6, 9, 6.5, 10.5], "texture": "#0"},
				"west": {"uv": [6, 9, 6.5, 10.5], "texture": "#0"},
				"up": {"uv": [6.5, 9, 6, 9.5], "rotation": 180, "texture": "#0"},
				"down": {"uv": [6, 10, 6.5, 10.5], "texture": "#0"}
			}
		},
		{
			"name": "netherite_spear_15",
			"from": [5, 5, 7.5],
			"to": [6, 8, 8.5],
			"rotation": {"angle": 0, "axis": "x", "origin": [10, 11, 23.5]},
			"faces": {
				"north": {"uv": [5.5, 11, 6, 9.5], "rotation": 180, "texture": "#0"},
				"east": {"uv": [5.5, 9.5, 6, 11], "texture": "#0"},
				"south": {"uv": [5.5, 9.5, 6, 11], "texture": "#0"},
				"west": {"uv": [5.5, 9.5, 6, 11], "texture": "#0"},
				"up": {"uv": [6, 9.5, 5.5, 10], "rotation": 180, "texture": "#0"},
				"down": {"uv": [5.5, 10.5, 6, 11], "texture": "#0"}
			}
		},
		{
			"name": "netherite_spear_16",
			"from": [4, 4, 7.5],
			"to": [5, 7, 8.5],
			"rotation": {"angle": 0, "axis": "x", "origin": [10, 11, 23.5]},
			"faces": {
				"north": {"uv": [5, 11.5, 5.5, 10], "rotation": 180, "texture": "#0"},
				"east": {"uv": [5, 10, 5.5, 11.5], "texture": "#0"},
				"south": {"uv": [5, 10, 5.5, 11.5], "texture": "#0"},
				"west": {"uv": [5, 10, 5.5, 11.5], "texture": "#0"},
				"up": {"uv": [5.5, 10, 5, 10.5], "rotation": 180, "texture": "#0"},
				"down": {"uv": [5, 11, 5.5, 11.5], "texture": "#0"}
			}
		},
		{
			"name": "netherite_spear_17",
			"from": [3, 3, 7.5],
			"to": [4, 6, 8.5],
			"rotation": {"angle": 0, "axis": "x", "origin": [10, 11, 23.5]},
			"faces": {
				"north": {"uv": [4.5, 12, 5, 10.5], "rotation": 180, "texture": "#0"},
				"east": {"uv": [4.5, 10.5, 5, 12], "texture": "#0"},
				"south": {"uv": [4.5, 10.5, 5, 12], "texture": "#0"},
				"west": {"uv": [4.5, 10.5, 5, 12], "texture": "#0"},
				"up": {"uv": [5, 10.5, 4.5, 11], "rotation": 180, "texture": "#0"},
				"down": {"uv": [4.5, 11.5, 5, 12], "texture": "#0"}
			}
		},
		{
			"name": "netherite_spear_18",
			"from": [2, 2, 7.5],
			"to": [3, 5, 8.5],
			"rotation": {"angle": 0, "axis": "x", "origin": [10, 11, 23.5]},
			"faces": {
				"north": {"uv": [4, 12.5, 4.5, 11], "rotation": 180, "texture": "#0"},
				"east": {"uv": [4, 11, 4.5, 12.5], "texture": "#0"},
				"south": {"uv": [4, 11, 4.5, 12.5], "texture": "#0"},
				"west": {"uv": [4, 11, 4.5, 12.5], "texture": "#0"},
				"up": {"uv": [4.5, 11, 4, 11.5], "rotation": 180, "texture": "#0"},
				"down": {"uv": [4, 12, 4.5, 12.5], "texture": "#0"}
			}
		},
		{
			"name": "netherite_spear_19",
			"from": [1, 1, 7.5],
			"to": [2, 4, 8.5],
			"rotation": {"angle": 0, "axis": "x", "origin": [10, 11, 23.5]},
			"faces": {
				"north": {"uv": [3.5, 13, 4, 11.5], "rotation": 180, "texture": "#0"},
				"east": {"uv": [3.5, 11.5, 4, 13], "texture": "#0"},
				"south": {"uv": [3.5, 11.5, 4, 13], "texture": "#0"},
				"west": {"uv": [3.5, 11.5, 4, 13], "texture": "#0"},
				"up": {"uv": [4, 11.5, 3.5, 12], "rotation": 180, "texture": "#0"},
				"down": {"uv": [3.5, 12.5, 4, 13], "texture": "#0"}
			}
		},
		{
			"name": "netherite_spear_20",
			"from": [0, 0, 7.5],
			"to": [1, 3, 8.5],
			"rotation": {"angle": 0, "axis": "x", "origin": [10, 11, 23.5]},
			"faces": {
				"north": {"uv": [3, 13.5, 3.5, 12], "rotation": 180, "texture": "#0"},
				"east": {"uv": [3, 12, 3.5, 13.5], "texture": "#0"},
				"south": {"uv": [3, 12, 3.5, 13.5], "texture": "#0"},
				"west": {"uv": [3, 12, 3.5, 13.5], "texture": "#0"},
				"up": {"uv": [3.5, 12, 3, 12.5], "rotation": 180, "texture": "#0"},
				"down": {"uv": [3, 13, 3.5, 13.5], "texture": "#0"}
			}
		},
		{
			"name": "netherite_spear_21",
			"from": [-1, 1, 7.5],
			"to": [0, 2, 8.5],
			"rotation": {"angle": 0, "axis": "x", "origin": [10, 11, 23.5]},
			"faces": {
				"north": {"uv": [2.5, 13, 3, 12.5], "rotation": 180, "texture": "#0"},
				"east": {"uv": [2.5, 12.5, 3, 13], "texture": "#0"},
				"south": {"uv": [2.5, 12.5, 3, 13], "texture": "#0"},
				"west": {"uv": [2.5, 12.5, 3, 13], "texture": "#0"},
				"up": {"uv": [3, 12.5, 2.5, 13], "rotation": 180, "texture": "#0"},
				"down": {"uv": [2.5, 12.5, 3, 13], "texture": "#0"}
			}
		}
	],
	"gui_light": "front",
	"display": {
		"thirdperson_righthand": {
			"rotation": [0, -90, 55],
			"translation": [0, 3.25, 1.75]
		},
		"thirdperson_lefthand": {
			"rotation": [0, 90, -55],
			"translation": [0, 1.25, 1.75]
		},
		"firstperson_righthand": {
			"rotation": [0, -90, 28],
			"translation": [0.5, 0.5, 1.13],
			"scale": [0.68, 0.68, 0.68]
		},
		"firstperson_lefthand": {
			"rotation": [0, 90, -28],
			"translation": [0.5, 0.5, 1.13],
			"scale": [0.68, 0.68, 0.68]
		},
		"ground": {
			"scale": [0.75, 0.75, 0.75]
		},
		"gui": {
			"translation": [-1, -1.5, 0]
		},
		"head": {
			"translation": [0, 11.25, 0]
		},
		"fixed": {
			"translation": [-0.5, -1, 0]
		}
	},
	"groups": [
		{
			"name": "netherite_spear",
			"origin": [8, 8, 8],
			"children": [0, 1, 2, 3, 4, 5, 6, 7, 8, 9, 10, 11, 12, 13, 14, 15, 16, 17, 18, 19, 20, 21]
		}
	]
}