{
  "parent": "minecraft:item/handheld",
  "textures": {
    "layer0": "minecraft:item/diamond_axe"
  },
  "overrides": [
    {
      "predicate": {
        "custom_model_data": 2
      },
      "model": "minecraft:item/bvb/template_axe"
    },
    {
      "predicate": {
        "custom_model_data": 8
      },
      "model": "minecraft:item/bvb/template_battleaxe"
    },
	{
      "predicate": {
        "custom_model_data": 1001002
      },
      "model": "minecraft:item/bvb/angel_axe"
    },
	{
      "predicate": {
        "custom_model_data": 1001008
      },
      "model": "minecraft:item/bvb/angel_battleaxe"
    },
	    {
      "predicate": {
        "custom_model_data": 1002002
      },
      "model": "minecraft:item/bvb/cactus_axe"
    },
	    {
      "predicate": {
        "custom_model_data": 1002008
      },
      "model": "minecraft:item/bvb/cactus_battleaxe"
    },
	    {
      "predicate": {
        "custom_model_data": 1003002
      },
      "model": "minecraft:item/bvb/cobalt_axe"
    },
	    {
      "predicate": {
        "custom_model_data": 1003008
      },
      "model": "minecraft:item/bvb/cobalt_battleaxe"
    },
	    {
      "predicate": {
        "custom_model_data": 1004002
      },
      "model": "minecraft:item/bvb/coral_axe"
    },
	    {
      "predicate": {
        "custom_model_data": 1005002
      },
      "model": "minecraft:item/bvb/emerald_axe"
    },
	    {
      "predicate": {
        "custom_model_data": 1005008
      },
      "model": "minecraft:item/bvb/emerald_battleaxe"
    },
	    {
      "predicate": {
        "custom_model_data": 1007002
      },
      "model": "minecraft:item/bvb/energy_axe"
    },
	    {
      "predicate": {
        "custom_model_data": 1007008
      },
      "model": "minecraft:item/bvb/energy_battleaxe"
    },
	    {
      "predicate": {
        "custom_model_data": 1008002
      },
      "model": "minecraft:item/bvb/fire_axe"
    },
	    {
      "predicate": {
        "custom_model_data": 1008008
      },
      "model": "minecraft:item/bvb/fire_battleaxe"
    },
	    {
      "predicate": {
        "custom_model_data": 1009002
      },
      "model": "minecraft:item/bvb/glass_axe"
    },
	    {
      "predicate": {
        "custom_model_data": 1009008
      },
      "model": "minecraft:item/bvb/glass_battleaxe"
    },
	    {
      "predicate": {
        "custom_model_data": 1010002
      },
      "model": "minecraft:item/bvb/honey_axe"
    },
	    {
      "predicate": {
        "custom_model_data": 1010008
      },
      "model": "minecraft:item/bvb/honey_battleaxe"
    },
	    {
      "predicate": {
        "custom_model_data": 1011002
      },
      "model": "minecraft:item/bvb/kyanite_axe"
    },
	    {
      "predicate": {
        "custom_model_data": 1011008
      },
      "model": "minecraft:item/bvb/kyanite_battleaxe"
    },
	    {
      "predicate": {
        "custom_model_data": 1012002
      },
      "model": "minecraft:item/bvb/nova_axe"
    },
	    {
      "predicate": {
        "custom_model_data": 1012008
      },
      "model": "minecraft:item/bvb/nova_battleaxe"
    },
	    {
      "predicate": {
        "custom_model_data": 1013002
      },
      "model": "minecraft:item/bvb/royal_kyanite_axe"
    },
	    {
      "predicate": {
        "custom_model_data": 1013008
      },
      "model": "minecraft:item/bvb/royal_kyanite_battleaxe"
    },
	    {
      "predicate": {
        "custom_model_data": 1014002
      },
      "model": "minecraft:item/bvb/ruby_axe"
    },
	    {
      "predicate": {
        "custom_model_data": 1014008
      },
      "model": "minecraft:item/bvb/ruby_battleaxe"
    },
	    {
      "predicate": {
        "custom_model_data": 1016002
      },
      "model": "minecraft:item/bvb/sculk_axe"
    },
	    {
      "predicate": {
        "custom_model_data": 1017002
      },
      "model": "minecraft:item/bvb/shroom_axe"
    },
	    {
      "predicate": {
        "custom_model_data": 1019002
      },
      "model": "minecraft:item/bvb/snow_axe"
    },
	    {
      "predicate": {
        "custom_model_data": 1019008
      },
      "model": "minecraft:item/bvb/snow_battleaxe"
    },
	    {
      "predicate": {
        "custom_model_data": 1020002
      },
      "model": "minecraft:item/bvb/soulfire_axe"
    },
	    {
      "predicate": {
        "custom_model_data": 1020008
      },
      "model": "minecraft:item/bvb/soulfire_battleaxe"
    },
	    {
      "predicate": {
        "custom_model_data": 1022002
      },
      "model": "minecraft:item/bvb/spectral_axe"
    }
  ]
}
