{
  "parent": "minecraft:item/handheld",
  "textures": {
    "layer0": "minecraft:item/diamond_shovel"
  },
  "overrides": [
	{
      "predicate": {
        "custom_model_data": 1001004
      },
      "model": "minecraft:item/bvb/angel_shovel"
    },
	    {
      "predicate": {
        "custom_model_data": 1002004
      },
      "model": "minecraft:item/bvb/cactus_shovel"
    },
	    {
      "predicate": {
        "custom_model_data": 1003004
      },
      "model": "minecraft:item/bvb/cobalt_shovel"
    },
	    {
      "predicate": {
        "custom_model_data": 1004004
      },
      "model": "minecraft:item/bvb/coral_shovel"
    },
	    {
      "predicate": {
        "custom_model_data": 1005004
      },
      "model": "minecraft:item/bvb/emerald_shovel"
    },
	    {
      "predicate": {
        "custom_model_data": 1007004
      },
      "model": "minecraft:item/bvb/energy_shovel"
    },
	    {
      "predicate": {
        "custom_model_data": 1008004
      },
      "model": "minecraft:item/bvb/fire_shovel"
    },
	    {
      "predicate": {
        "custom_model_data": 1009004
      },
      "model": "minecraft:item/bvb/glass_shovel"
    },
	    {
      "predicate": {
        "custom_model_data": 1010004
      },
      "model": "minecraft:item/bvb/honey_shovel"
    },
	    {
      "predicate": {
        "custom_model_data": 1011004
      },
      "model": "minecraft:item/bvb/kyanite_shovel"
    },
	    {
      "predicate": {
        "custom_model_data": 1012004
      },
      "model": "minecraft:item/bvb/nova_shovel"
    },
	    {
      "predicate": {
        "custom_model_data": 1013004
      },
      "model": "minecraft:item/bvb/royal_kyanite_shovel"
    },
	    {
      "predicate": {
        "custom_model_data": 1014004
      },
      "model": "minecraft:item/bvb/ruby_shovel"
    },
	    {
      "predicate": {
        "custom_model_data": 1016004
      },
      "model": "minecraft:item/bvb/sculk_shovel"
    },
	    {
      "predicate": {
        "custom_model_data": 1017004
      },
      "model": "minecraft:item/bvb/shroom_shovel"
    },
	    {
      "predicate": {
        "custom_model_data": 1019004
      },
      "model": "minecraft:item/bvb/snow_shovel"
    },
	    {
      "predicate": {
        "custom_model_data": 1020004
      },
      "model": "minecraft:item/bvb/soulfire_shovel"
    },
	    {
      "predicate": {
        "custom_model_data": 1022004
      },
      "model": "minecraft:item/bvb/spectral_shovel"
    }
  ]
}
