{
	"credit": "Made with Blockbench",
	"elements": [
		{
			"name": "diamond_katana_0",
			"from": [13.5, 12.5, 8],
			"to": [15, 13.5, 8.5],
			"rotation": {"angle": 0, "axis": "y", "origin": [0, -1, 8]},
			"faces": {
				"north": {"uv": [15, 1.5, 13.5, 2.5], "texture": "#0"},
				"east": {"uv": [14.5, 1.5, 15, 2.5], "texture": "#0"},
				"south": {"uv": [13.5, 1.5, 15, 2.5], "texture": "#0"},
				"west": {"uv": [13.5, 1.5, 14, 2.5], "texture": "#0"},
				"up": {"uv": [13.5, 1.5, 15, 2], "texture": "#0"},
				"down": {"uv": [13.5, 2, 15, 2.5], "texture": "#0"}
			}
		},
		{
			"name": "diamond_katana_1",
			"from": [13, 11, 8],
			"to": [13.5, 13, 8.5],
			"rotation": {"angle": 0, "axis": "y", "origin": [0, -1, 8]},
			"faces": {
				"north": {"uv": [13.5, 2, 13, 4], "texture": "#0"},
				"east": {"uv": [13, 2, 13.5, 4], "texture": "#0"},
				"south": {"uv": [13, 2, 13.5, 4], "texture": "#0"},
				"west": {"uv": [13, 2, 13.5, 4], "texture": "#0"},
				"up": {"uv": [13, 2, 13.5, 2.5], "texture": "#0"},
				"down": {"uv": [13, 3.5, 13.5, 4], "texture": "#0"}
			}
		},
		{
			"name": "diamond_katana_2",
			"from": [12.5, 10.5, 8],
			"to": [13, 12.5, 8.5],
			"rotation": {"angle": 0, "axis": "y", "origin": [0, -1, 8]},
			"faces": {
				"north": {"uv": [13, 2.5, 12.5, 4.5], "texture": "#0"},
				"east": {"uv": [12.5, 2.5, 13, 4.5], "texture": "#0"},
				"south": {"uv": [12.5, 2.5, 13, 4.5], "texture": "#0"},
				"west": {"uv": [12.5, 2.5, 13, 4.5], "texture": "#0"},
				"up": {"uv": [12.5, 2.5, 13, 3], "texture": "#0"},
				"down": {"uv": [12.5, 4, 13, 4.5], "texture": "#0"}
			}
		},
		{
			"name": "diamond_katana_3",
			"from": [13.5, 12, 8],
			"to": [14.5, 12.5, 8.5],
			"rotation": {"angle": 0, "axis": "y", "origin": [0, -1, 8]},
			"faces": {
				"north": {"uv": [14.5, 2.5, 13.5, 3], "texture": "#0"},
				"east": {"uv": [14, 2.5, 14.5, 3], "texture": "#0"},
				"south": {"uv": [13.5, 2.5, 14.5, 3], "texture": "#0"},
				"west": {"uv": [13.5, 2.5, 14, 3], "texture": "#0"},
				"up": {"uv": [13.5, 2.5, 14.5, 3], "texture": "#0"},
				"down": {"uv": [13.5, 2.5, 14.5, 3], "texture": "#0"}
			}
		},
		{
			"name": "diamond_katana_4",
			"from": [12, 10, 8],
			"to": [12.5, 12, 8.5],
			"rotation": {"angle": 0, "axis": "y", "origin": [0, -1, 8]},
			"faces": {
				"north": {"uv": [12.5, 3, 12, 5], "texture": "#0"},
				"east": {"uv": [12, 3, 12.5, 5], "texture": "#0"},
				"south": {"uv": [12, 3, 12.5, 5], "texture": "#0"},
				"west": {"uv": [12, 3, 12.5, 5], "texture": "#0"},
				"up": {"uv": [12, 3, 12.5, 3.5], "texture": "#0"},
				"down": {"uv": [12, 4.5, 12.5, 5], "texture": "#0"}
			}
		},
		{
			"name": "diamond_katana_5",
			"from": [13.5, 11.5, 8],
			"to": [14, 12, 8.5],
			"rotation": {"angle": 0, "axis": "y", "origin": [0, -1, 8]},
			"faces": {
				"north": {"uv": [14, 3, 13.5, 3.5], "texture": "#0"},
				"east": {"uv": [13.5, 3, 14, 3.5], "texture": "#0"},
				"south": {"uv": [13.5, 3, 14, 3.5], "texture": "#0"},
				"west": {"uv": [13.5, 3, 14, 3.5], "texture": "#0"},
				"up": {"uv": [13.5, 3, 14, 3.5], "texture": "#0"},
				"down": {"uv": [13.5, 3, 14, 3.5], "texture": "#0"}
			}
		},
		{
			"name": "diamond_katana_6",
			"from": [11.5, 9.5, 8],
			"to": [12, 11.5, 8.5],
			"rotation": {"angle": 0, "axis": "y", "origin": [0, -1, 8]},
			"faces": {
				"north": {"uv": [12, 3.5, 11.5, 5.5], "texture": "#0"},
				"east": {"uv": [11.5, 3.5, 12, 5.5], "texture": "#0"},
				"south": {"uv": [11.5, 3.5, 12, 5.5], "texture": "#0"},
				"west": {"uv": [11.5, 3.5, 12, 5.5], "texture": "#0"},
				"up": {"uv": [11.5, 3.5, 12, 4], "texture": "#0"},
				"down": {"uv": [11.5, 5, 12, 5.5], "texture": "#0"}
			}
		},
		{
			"name": "diamond_katana_7",
			"from": [11, 9, 8],
			"to": [11.5, 11, 8.5],
			"rotation": {"angle": 0, "axis": "y", "origin": [0, -1, 8]},
			"faces": {
				"north": {"uv": [11.5, 4, 11, 6], "texture": "#0"},
				"east": {"uv": [11, 4, 11.5, 6], "texture": "#0"},
				"south": {"uv": [11, 4, 11.5, 6], "texture": "#0"},
				"west": {"uv": [11, 4, 11.5, 6], "texture": "#0"},
				"up": {"uv": [11, 4, 11.5, 4.5], "texture": "#0"},
				"down": {"uv": [11, 5.5, 11.5, 6], "texture": "#0"}
			}
		},
		{
			"name": "diamond_katana_8",
			"from": [10.5, 8.5, 8],
			"to": [11, 10.5, 8.5],
			"rotation": {"angle": 0, "axis": "y", "origin": [0, -1, 8]},
			"faces": {
				"north": {"uv": [11, 4.5, 10.5, 6.5], "texture": "#0"},
				"east": {"uv": [10.5, 4.5, 11, 6.5], "texture": "#0"},
				"south": {"uv": [10.5, 4.5, 11, 6.5], "texture": "#0"},
				"west": {"uv": [10.5, 4.5, 11, 6.5], "texture": "#0"},
				"up": {"uv": [10.5, 4.5, 11, 5], "texture": "#0"},
				"down": {"uv": [10.5, 6, 11, 6.5], "texture": "#0"}
			}
		},
		{
			"name": "diamond_katana_9",
			"from": [10, 8, 8],
			"to": [10.5, 10, 8.5],
			"rotation": {"angle": 0, "axis": "y", "origin": [0, -1, 8]},
			"faces": {
				"north": {"uv": [10.5, 5, 10, 7], "texture": "#0"},
				"east": {"uv": [10, 5, 10.5, 7], "texture": "#0"},
				"south": {"uv": [10, 5, 10.5, 7], "texture": "#0"},
				"west": {"uv": [10, 5, 10.5, 7], "texture": "#0"},
				"up": {"uv": [10, 5, 10.5, 5.5], "texture": "#0"},
				"down": {"uv": [10, 6.5, 10.5, 7], "texture": "#0"}
			}
		},
		{
			"name": "diamond_katana_10",
			"from": [9.5, 7.5, 8],
			"to": [10, 9.5, 8.5],
			"rotation": {"angle": 0, "axis": "y", "origin": [0, -1, 8]},
			"faces": {
				"north": {"uv": [10, 5.5, 9.5, 7.5], "texture": "#0"},
				"east": {"uv": [9.5, 5.5, 10, 7.5], "texture": "#0"},
				"south": {"uv": [9.5, 5.5, 10, 7.5], "texture": "#0"},
				"west": {"uv": [9.5, 5.5, 10, 7.5], "texture": "#0"},
				"up": {"uv": [9.5, 5.5, 10, 6], "texture": "#0"},
				"down": {"uv": [9.5, 7, 10, 7.5], "texture": "#0"}
			}
		},
		{
			"name": "diamond_katana_11",
			"from": [9, 7, 8],
			"to": [9.5, 9, 8.5],
			"rotation": {"angle": 0, "axis": "y", "origin": [0, -1, 8]},
			"faces": {
				"north": {"uv": [9.5, 6, 9, 8], "texture": "#0"},
				"east": {"uv": [9, 6, 9.5, 8], "texture": "#0"},
				"south": {"uv": [9, 6, 9.5, 8], "texture": "#0"},
				"west": {"uv": [9, 6, 9.5, 8], "texture": "#0"},
				"up": {"uv": [9, 6, 9.5, 6.5], "texture": "#0"},
				"down": {"uv": [9, 7.5, 9.5, 8], "texture": "#0"}
			}
		},
		{
			"name": "diamond_katana_12",
			"from": [8.5, 6.5, 8],
			"to": [9, 8.5, 8.5],
			"rotation": {"angle": 0, "axis": "y", "origin": [0, -1, 8]},
			"faces": {
				"north": {"uv": [9, 6.5, 8.5, 8.5], "texture": "#0"},
				"east": {"uv": [8.5, 6.5, 9, 8.5], "texture": "#0"},
				"south": {"uv": [8.5, 6.5, 9, 8.5], "texture": "#0"},
				"west": {"uv": [8.5, 6.5, 9, 8.5], "texture": "#0"},
				"up": {"uv": [8.5, 6.5, 9, 7], "texture": "#0"},
				"down": {"uv": [8.5, 8, 9, 8.5], "texture": "#0"}
			}
		},
		{
			"name": "diamond_katana_13",
			"from": [8, 6, 8],
			"to": [8.5, 8, 8.5],
			"rotation": {"angle": 0, "axis": "y", "origin": [0, -1, 8]},
			"faces": {
				"north": {"uv": [8.5, 7, 8, 9], "texture": "#0"},
				"east": {"uv": [8, 7, 8.5, 9], "texture": "#0"},
				"south": {"uv": [8, 7, 8.5, 9], "texture": "#0"},
				"west": {"uv": [8, 7, 8.5, 9], "texture": "#0"},
				"up": {"uv": [8, 7, 8.5, 7.5], "texture": "#0"},
				"down": {"uv": [8, 8.5, 8.5, 9], "texture": "#0"}
			}
		},
		{
			"name": "diamond_katana_14",
			"from": [7.5, 5.5, 8],
			"to": [8, 7.5, 8.5],
			"rotation": {"angle": 0, "axis": "y", "origin": [0, -1, 8]},
			"faces": {
				"north": {"uv": [8, 7.5, 7.5, 9.5], "texture": "#0"},
				"east": {"uv": [7.5, 7.5, 8, 9.5], "texture": "#0"},
				"south": {"uv": [7.5, 7.5, 8, 9.5], "texture": "#0"},
				"west": {"uv": [7.5, 7.5, 8, 9.5], "texture": "#0"},
				"up": {"uv": [7.5, 7.5, 8, 8], "texture": "#0"},
				"down": {"uv": [7.5, 9, 8, 9.5], "texture": "#0"}
			}
		},
		{
			"name": "diamond_katana_15",
			"from": [7, 5, 8],
			"to": [7.5, 7, 8.5],
			"rotation": {"angle": 0, "axis": "y", "origin": [0, -1, 8]},
			"faces": {
				"north": {"uv": [7.5, 8, 7, 10], "texture": "#0"},
				"east": {"uv": [7, 8, 7.5, 10], "texture": "#0"},
				"south": {"uv": [7, 8, 7.5, 10], "texture": "#0"},
				"west": {"uv": [7, 8, 7.5, 10], "texture": "#0"},
				"up": {"uv": [7, 8, 7.5, 8.5], "texture": "#0"},
				"down": {"uv": [7, 9.5, 7.5, 10], "texture": "#0"}
			}
		},
		{
			"name": "diamond_katana_16",
			"from": [6.5, 3, 8],
			"to": [7, 6.5, 8.5],
			"rotation": {"angle": 0, "axis": "y", "origin": [0, -1, 8]},
			"faces": {
				"north": {"uv": [7, 8.5, 6.5, 12], "texture": "#0"},
				"east": {"uv": [6.5, 8.5, 7, 12], "texture": "#0"},
				"south": {"uv": [6.5, 8.5, 7, 12], "texture": "#0"},
				"west": {"uv": [6.5, 8.5, 7, 12], "texture": "#0"},
				"up": {"uv": [6.5, 8.5, 7, 9], "texture": "#0"},
				"down": {"uv": [6.5, 11.5, 7, 12], "texture": "#0"}
			}
		},
		{
			"name": "diamond_katana_17",
			"from": [4.5, 4.5, 8],
			"to": [5.5, 6, 8.5],
			"rotation": {"angle": 0, "axis": "y", "origin": [0, -1, 8]},
			"faces": {
				"north": {"uv": [5.5, 9, 4.5, 10.5], "texture": "#0"},
				"east": {"uv": [5, 9, 5.5, 10.5], "texture": "#0"},
				"south": {"uv": [4.5, 9, 5.5, 10.5], "texture": "#0"},
				"west": {"uv": [4.5, 9, 5, 10.5], "texture": "#0"},
				"up": {"uv": [4.5, 9, 5.5, 9.5], "texture": "#0"},
				"down": {"uv": [4.5, 10, 5.5, 10.5], "texture": "#0"}
			}
		},
		{
			"name": "diamond_katana_18",
			"from": [6, 3.5, 8],
			"to": [6.5, 6, 8.5],
			"rotation": {"angle": 0, "axis": "y", "origin": [0, -1, 8]},
			"faces": {
				"north": {"uv": [6.5, 9, 6, 11.5], "texture": "#0"},
				"east": {"uv": [6, 9, 6.5, 11.5], "texture": "#0"},
				"south": {"uv": [6, 9, 6.5, 11.5], "texture": "#0"},
				"west": {"uv": [6, 9, 6.5, 11.5], "texture": "#0"},
				"up": {"uv": [6, 9, 6.5, 9.5], "texture": "#0"},
				"down": {"uv": [6, 11, 6.5, 11.5], "texture": "#0"}
			}
		},
		{
			"name": "diamond_katana_19",
			"from": [5.5, 3.5, 8],
			"to": [6, 5.5, 8.5],
			"rotation": {"angle": 0, "axis": "y", "origin": [0, -1, 8]},
			"faces": {
				"north": {"uv": [6, 9.5, 5.5, 11.5], "texture": "#0"},
				"east": {"uv": [5.5, 9.5, 6, 11.5], "texture": "#0"},
				"south": {"uv": [5.5, 9.5, 6, 11.5], "texture": "#0"},
				"west": {"uv": [5.5, 9.5, 6, 11.5], "texture": "#0"},
				"up": {"uv": [5.5, 9.5, 6, 10], "texture": "#0"},
				"down": {"uv": [5.5, 11, 6, 11.5], "texture": "#0"}
			}
		},
		{
			"name": "diamond_katana_20",
			"from": [5, 3, 8],
			"to": [5.5, 4.5, 8.5],
			"rotation": {"angle": 0, "axis": "y", "origin": [0, -1, 8]},
			"faces": {
				"north": {"uv": [5.5, 10.5, 5, 12], "texture": "#0"},
				"east": {"uv": [5, 10.5, 5.5, 12], "texture": "#0"},
				"south": {"uv": [5, 10.5, 5.5, 12], "texture": "#0"},
				"west": {"uv": [5, 10.5, 5.5, 12], "texture": "#0"},
				"up": {"uv": [5, 10.5, 5.5, 11], "texture": "#0"},
				"down": {"uv": [5, 11.5, 5.5, 12], "texture": "#0"}
			}
		},
		{
			"name": "diamond_katana_21",
			"from": [7, 3, 8],
			"to": [7.5, 4.5, 8.5],
			"rotation": {"angle": 0, "axis": "y", "origin": [0, -1, 8]},
			"faces": {
				"north": {"uv": [7.5, 10.5, 7, 12], "texture": "#0"},
				"east": {"uv": [7, 10.5, 7.5, 12], "texture": "#0"},
				"south": {"uv": [7, 10.5, 7.5, 12], "texture": "#0"},
				"west": {"uv": [7, 10.5, 7.5, 12], "texture": "#0"},
				"up": {"uv": [7, 10.5, 7.5, 11], "texture": "#0"},
				"down": {"uv": [7, 11.5, 7.5, 12], "texture": "#0"}
			}
		},
		{
			"name": "diamond_katana_22",
			"from": [4.5, 2.5, 8],
			"to": [5, 4, 8.5],
			"rotation": {"angle": 0, "axis": "y", "origin": [0, -1, 8]},
			"faces": {
				"north": {"uv": [5, 11, 4.5, 12.5], "texture": "#0"},
				"east": {"uv": [4.5, 11, 5, 12.5], "texture": "#0"},
				"south": {"uv": [4.5, 11, 5, 12.5], "texture": "#0"},
				"west": {"uv": [4.5, 11, 5, 12.5], "texture": "#0"},
				"up": {"uv": [4.5, 11, 5, 11.5], "texture": "#0"},
				"down": {"uv": [4.5, 12, 5, 12.5], "texture": "#0"}
			}
		},
		{
			"name": "diamond_katana_23",
			"from": [4, 2, 8],
			"to": [4.5, 3.5, 8.5],
			"rotation": {"angle": 0, "axis": "y", "origin": [0, -1, 8]},
			"faces": {
				"north": {"uv": [4.5, 11.5, 4, 13], "texture": "#0"},
				"east": {"uv": [4, 11.5, 4.5, 13], "texture": "#0"},
				"south": {"uv": [4, 11.5, 4.5, 13], "texture": "#0"},
				"west": {"uv": [4, 11.5, 4.5, 13], "texture": "#0"},
				"up": {"uv": [4, 11.5, 4.5, 12], "texture": "#0"},
				"down": {"uv": [4, 12.5, 4.5, 13], "texture": "#0"}
			}
		},
		{
			"name": "diamond_katana_24",
			"from": [3.5, 1.5, 8],
			"to": [4, 3, 8.5],
			"rotation": {"angle": 0, "axis": "y", "origin": [0, -1, 8]},
			"faces": {
				"north": {"uv": [4, 12, 3.5, 13.5], "texture": "#0"},
				"east": {"uv": [3.5, 12, 4, 13.5], "texture": "#0"},
				"south": {"uv": [3.5, 12, 4, 13.5], "texture": "#0"},
				"west": {"uv": [3.5, 12, 4, 13.5], "texture": "#0"},
				"up": {"uv": [3.5, 12, 4, 12.5], "texture": "#0"},
				"down": {"uv": [3.5, 13, 4, 13.5], "texture": "#0"}
			}
		},
		{
			"name": "diamond_katana_25",
			"from": [3, 1, 8],
			"to": [3.5, 2.5, 8.5],
			"rotation": {"angle": 0, "axis": "y", "origin": [0, -1, 8]},
			"faces": {
				"north": {"uv": [3.5, 12.5, 3, 14], "texture": "#0"},
				"east": {"uv": [3, 12.5, 3.5, 14], "texture": "#0"},
				"south": {"uv": [3, 12.5, 3.5, 14], "texture": "#0"},
				"west": {"uv": [3, 12.5, 3.5, 14], "texture": "#0"},
				"up": {"uv": [3, 12.5, 3.5, 13], "texture": "#0"},
				"down": {"uv": [3, 13.5, 3.5, 14], "texture": "#0"}
			}
		},
		{
			"name": "diamond_katana_26",
			"from": [2.5, 0.5, 8],
			"to": [3, 2, 8.5],
			"rotation": {"angle": 0, "axis": "y", "origin": [0, -1, 8]},
			"faces": {
				"north": {"uv": [3, 13, 2.5, 14.5], "texture": "#0"},
				"east": {"uv": [2.5, 13, 3, 14.5], "texture": "#0"},
				"south": {"uv": [2.5, 13, 3, 14.5], "texture": "#0"},
				"west": {"uv": [2.5, 13, 3, 14.5], "texture": "#0"},
				"up": {"uv": [2.5, 13, 3, 13.5], "texture": "#0"},
				"down": {"uv": [2.5, 14, 3, 14.5], "texture": "#0"}
			}
		},
		{
			"name": "diamond_katana_27",
			"from": [2, 0, 8],
			"to": [2.5, 1.5, 8.5],
			"rotation": {"angle": 0, "axis": "y", "origin": [0, -1, 8]},
			"faces": {
				"north": {"uv": [2.5, 13.5, 2, 15], "texture": "#0"},
				"east": {"uv": [2, 13.5, 2.5, 15], "texture": "#0"},
				"south": {"uv": [2, 13.5, 2.5, 15], "texture": "#0"},
				"west": {"uv": [2, 13.5, 2.5, 15], "texture": "#0"},
				"up": {"uv": [2, 13.5, 2.5, 14], "texture": "#0"},
				"down": {"uv": [2, 14.5, 2.5, 15], "texture": "#0"}
			}
		},
		{
			"name": "diamond_katana_28",
			"from": [1.5, 0, 8],
			"to": [2, 1, 8.5],
			"rotation": {"angle": 0, "axis": "y", "origin": [0, -1, 8]},
			"faces": {
				"north": {"uv": [2, 14, 1.5, 15], "texture": "#0"},
				"east": {"uv": [1.5, 14, 2, 15], "texture": "#0"},
				"south": {"uv": [1.5, 14, 2, 15], "texture": "#0"},
				"west": {"uv": [1.5, 14, 2, 15], "texture": "#0"},
				"up": {"uv": [1.5, 14, 2, 14.5], "texture": "#0"},
				"down": {"uv": [1.5, 14.5, 2, 15], "texture": "#0"}
			}
		}
	],
	"gui_light": "front",
	"display": {
		"thirdperson_righthand": {
			"rotation": [11, 90, 55],
			"translation": [-0.5, 7.5, 6.5],
			"scale": [1.5, 1.5, 1.5]
		},
		"thirdperson_lefthand": {
			"rotation": [11, -90, -37],
			"translation": [0.5, 9, 3.5],
			"scale": [1.5, 1.5, 1.5]
		},
		"firstperson_righthand": {
			"rotation": [-6, -108, 43],
			"translation": [12.25, 4.5, -6.87],
			"scale": [1.5, 1.5, 1.5]
		},
		"firstperson_lefthand": {
			"rotation": [32, 110, -79],
			"translation": [10.75, 4.25, -7.37],
			"scale": [1.5, 1.5, 1.5]
		},
		"ground": {
			"translation": [0, 4, 0]
		},
		"gui": {
			"translation": [0, 1.5, 0],
			"scale": [1.5, 1.5, 1.5]
		},
		"fixed": {
			"rotation": [0, 180, 0],
			"translation": [0, 2.5, 1],
			"scale": [2, 2, 2]
		}
	},
	"groups": [
		{
			"name": "diamond_katana",
			"origin": [8, 8, 8],
			"color": 0,
			"children": [0, 1, 2, 3, 4, 5, 6, 7, 8, 9, 10, 11, 12, 13, 14, 15, 16, 17, 18, 19, 20, 21, 22, 23, 24, 25, 26, 27, 28]
		}
	]
}