{
	"credit": "Made with Blockbench",
	"textures": {
		"1": "item/bvb/template_cleaver",
		"particle": "item/bvb/template_sword"
	},
	"elements": [
		{
			"name": "template_cleaver_0",
			"from": [11, 14, 7.5],
			"to": [16, 15, 8.5],
			"rotation": {"angle": 0, "axis": "y", "origin": [0, 0, 7.5]},
			"faces": {
				"north": {"uv": [16, 1, 11, 2], "texture": "#1"},
				"east": {"uv": [15, 1, 16, 2], "texture": "#1"},
				"south": {"uv": [11, 1, 16, 2], "texture": "#1"},
				"west": {"uv": [11, 1, 12, 2], "texture": "#1"},
				"up": {"uv": [11, 1, 16, 2], "texture": "#1"},
				"down": {"uv": [11, 1, 16, 2], "texture": "#1"}
			}
		},
		{
			"name": "template_cleaver_1",
			"from": [10, 13, 7.5],
			"to": [11, 14, 8.5],
			"rotation": {"angle": 0, "axis": "y", "origin": [0, 0, 7.5]},
			"faces": {
				"north": {"uv": [11, 2, 10, 3], "texture": "#1"},
				"east": {"uv": [10, 2, 11, 3], "texture": "#1"},
				"south": {"uv": [10, 2, 11, 3], "texture": "#1"},
				"west": {"uv": [10, 2, 11, 3], "texture": "#1"},
				"up": {"uv": [10, 2, 11, 3], "texture": "#1"},
				"down": {"uv": [10, 2, 11, 3], "texture": "#1"}
			}
		},
		{
			"name": "template_cleaver_2",
			"from": [15, 12, 7.5],
			"to": [16, 14, 8.5],
			"rotation": {"angle": 0, "axis": "y", "origin": [0, 0, 7.5]},
			"faces": {
				"north": {"uv": [16, 2, 15, 4], "texture": "#1"},
				"east": {"uv": [15, 2, 16, 4], "texture": "#1"},
				"south": {"uv": [15, 2, 16, 4], "texture": "#1"},
				"west": {"uv": [15, 2, 16, 4], "texture": "#1"},
				"up": {"uv": [15, 2, 16, 3], "texture": "#1"},
				"down": {"uv": [15, 3, 16, 4], "texture": "#1"}
			}
		},
		{
			"name": "template_cleaver_3",
			"from": [9, 12, 7.5],
			"to": [10, 13, 8.5],
			"rotation": {"angle": 0, "axis": "y", "origin": [0, 0, 7.5]},
			"faces": {
				"north": {"uv": [10, 3, 9, 4], "texture": "#1"},
				"east": {"uv": [9, 3, 10, 4], "texture": "#1"},
				"south": {"uv": [9, 3, 10, 4], "texture": "#1"},
				"west": {"uv": [9, 3, 10, 4], "texture": "#1"},
				"up": {"uv": [9, 3, 10, 4], "texture": "#1"},
				"down": {"uv": [9, 3, 10, 4], "texture": "#1"}
			}
		},
		{
			"name": "template_cleaver_4",
			"from": [8, 11, 7.5],
			"to": [9, 12, 8.5],
			"rotation": {"angle": 0, "axis": "y", "origin": [0, 0, 7.5]},
			"faces": {
				"north": {"uv": [9, 4, 8, 5], "texture": "#1"},
				"east": {"uv": [8, 4, 9, 5], "texture": "#1"},
				"south": {"uv": [8, 4, 9, 5], "texture": "#1"},
				"west": {"uv": [8, 4, 9, 5], "texture": "#1"},
				"up": {"uv": [8, 4, 9, 5], "texture": "#1"},
				"down": {"uv": [8, 4, 9, 5], "texture": "#1"}
			}
		},
		{
			"name": "template_cleaver_5",
			"from": [14, 11, 7.5],
			"to": [15, 12, 8.5],
			"rotation": {"angle": 0, "axis": "y", "origin": [0, 0, 7.5]},
			"faces": {
				"north": {"uv": [15, 4, 14, 5], "texture": "#1"},
				"east": {"uv": [14, 4, 15, 5], "texture": "#1"},
				"south": {"uv": [14, 4, 15, 5], "texture": "#1"},
				"west": {"uv": [14, 4, 15, 5], "texture": "#1"},
				"up": {"uv": [14, 4, 15, 5], "texture": "#1"},
				"down": {"uv": [14, 4, 15, 5], "texture": "#1"}
			}
		},
		{
			"name": "template_cleaver_6",
			"from": [7, 10, 7.5],
			"to": [8, 11, 8.5],
			"rotation": {"angle": 0, "axis": "y", "origin": [0, 0, 7.5]},
			"faces": {
				"north": {"uv": [8, 5, 7, 6], "texture": "#1"},
				"east": {"uv": [7, 5, 8, 6], "texture": "#1"},
				"south": {"uv": [7, 5, 8, 6], "texture": "#1"},
				"west": {"uv": [7, 5, 8, 6], "texture": "#1"},
				"up": {"uv": [7, 5, 8, 6], "texture": "#1"},
				"down": {"uv": [7, 5, 8, 6], "texture": "#1"}
			}
		},
		{
			"name": "template_cleaver_7",
			"from": [13, 10, 7.5],
			"to": [14, 11, 8.5],
			"rotation": {"angle": 0, "axis": "y", "origin": [0, 0, 7.5]},
			"faces": {
				"north": {"uv": [14, 5, 13, 6], "texture": "#1"},
				"east": {"uv": [13, 5, 14, 6], "texture": "#1"},
				"south": {"uv": [13, 5, 14, 6], "texture": "#1"},
				"west": {"uv": [13, 5, 14, 6], "texture": "#1"},
				"up": {"uv": [13, 5, 14, 6], "texture": "#1"},
				"down": {"uv": [13, 5, 14, 6], "texture": "#1"}
			}
		},
		{
			"name": "template_cleaver_8",
			"from": [6, 9, 7.5],
			"to": [7, 10, 8.5],
			"rotation": {"angle": 0, "axis": "y", "origin": [0, 0, 7.5]},
			"faces": {
				"north": {"uv": [7, 6, 6, 7], "texture": "#1"},
				"east": {"uv": [6, 6, 7, 7], "texture": "#1"},
				"south": {"uv": [6, 6, 7, 7], "texture": "#1"},
				"west": {"uv": [6, 6, 7, 7], "texture": "#1"},
				"up": {"uv": [6, 6, 7, 7], "texture": "#1"},
				"down": {"uv": [6, 6, 7, 7], "texture": "#1"}
			}
		},
		{
			"name": "template_cleaver_9",
			"from": [12, 9, 7.5],
			"to": [13, 10, 8.5],
			"rotation": {"angle": 0, "axis": "y", "origin": [0, 0, 7.5]},
			"faces": {
				"north": {"uv": [13, 6, 12, 7], "texture": "#1"},
				"east": {"uv": [12, 6, 13, 7], "texture": "#1"},
				"south": {"uv": [12, 6, 13, 7], "texture": "#1"},
				"west": {"uv": [12, 6, 13, 7], "texture": "#1"},
				"up": {"uv": [12, 6, 13, 7], "texture": "#1"},
				"down": {"uv": [12, 6, 13, 7], "texture": "#1"}
			}
		},
		{
			"name": "template_cleaver_10",
			"from": [5, 8, 7.5],
			"to": [6, 9, 8.5],
			"rotation": {"angle": 0, "axis": "y", "origin": [0, 0, 7.5]},
			"faces": {
				"north": {"uv": [6, 7, 5, 8], "texture": "#1"},
				"east": {"uv": [5, 7, 6, 8], "texture": "#1"},
				"south": {"uv": [5, 7, 6, 8], "texture": "#1"},
				"west": {"uv": [5, 7, 6, 8], "texture": "#1"},
				"up": {"uv": [5, 7, 6, 8], "texture": "#1"},
				"down": {"uv": [5, 7, 6, 8], "texture": "#1"}
			}
		},
		{
			"name": "template_cleaver_11",
			"from": [11, 8, 7.5],
			"to": [12, 9, 8.5],
			"rotation": {"angle": 0, "axis": "y", "origin": [0, 0, 7.5]},
			"faces": {
				"north": {"uv": [12, 7, 11, 8], "texture": "#1"},
				"east": {"uv": [11, 7, 12, 8], "texture": "#1"},
				"south": {"uv": [11, 7, 12, 8], "texture": "#1"},
				"west": {"uv": [11, 7, 12, 8], "texture": "#1"},
				"up": {"uv": [11, 7, 12, 8], "texture": "#1"},
				"down": {"uv": [11, 7, 12, 8], "texture": "#1"}
			}
		},
		{
			"name": "template_cleaver_12",
			"from": [4, 7, 7.5],
			"to": [5, 8, 8.5],
			"rotation": {"angle": 0, "axis": "y", "origin": [0, 0, 7.5]},
			"faces": {
				"north": {"uv": [5, 8, 4, 9], "texture": "#1"},
				"east": {"uv": [4, 8, 5, 9], "texture": "#1"},
				"south": {"uv": [4, 8, 5, 9], "texture": "#1"},
				"west": {"uv": [4, 8, 5, 9], "texture": "#1"},
				"up": {"uv": [4, 8, 5, 9], "texture": "#1"},
				"down": {"uv": [4, 8, 5, 9], "texture": "#1"}
			}
		},
		{
			"name": "template_cleaver_13",
			"from": [10, 7, 7.5],
			"to": [11, 8, 8.5],
			"rotation": {"angle": 0, "axis": "y", "origin": [0, 0, 7.5]},
			"faces": {
				"north": {"uv": [11, 8, 10, 9], "texture": "#1"},
				"east": {"uv": [10, 8, 11, 9], "texture": "#1"},
				"south": {"uv": [10, 8, 11, 9], "texture": "#1"},
				"west": {"uv": [10, 8, 11, 9], "texture": "#1"},
				"up": {"uv": [10, 8, 11, 9], "texture": "#1"},
				"down": {"uv": [10, 8, 11, 9], "texture": "#1"}
			}
		},
		{
			"name": "template_cleaver_14",
			"from": [2, 6, 7.5],
			"to": [4, 7, 8.5],
			"rotation": {"angle": 0, "axis": "y", "origin": [0, 0, 7.5]},
			"faces": {
				"north": {"uv": [4, 9, 2, 10], "texture": "#1"},
				"east": {"uv": [3, 9, 4, 10], "texture": "#1"},
				"south": {"uv": [2, 9, 4, 10], "texture": "#1"},
				"west": {"uv": [2, 9, 3, 10], "texture": "#1"},
				"up": {"uv": [2, 9, 4, 10], "texture": "#1"},
				"down": {"uv": [2, 9, 4, 10], "texture": "#1"}
			}
		},
		{
			"name": "template_cleaver_15",
			"from": [9, 6, 7.5],
			"to": [10, 7, 8.5],
			"rotation": {"angle": 0, "axis": "y", "origin": [0, 0, 7.5]},
			"faces": {
				"north": {"uv": [10, 9, 9, 10], "texture": "#1"},
				"east": {"uv": [9, 9, 10, 10], "texture": "#1"},
				"south": {"uv": [9, 9, 10, 10], "texture": "#1"},
				"west": {"uv": [9, 9, 10, 10], "texture": "#1"},
				"up": {"uv": [9, 9, 10, 10], "texture": "#1"},
				"down": {"uv": [9, 9, 10, 10], "texture": "#1"}
			}
		},
		{
			"name": "template_cleaver_16",
			"from": [2, 5, 7.5],
			"to": [3, 6, 8.5],
			"rotation": {"angle": 0, "axis": "y", "origin": [0, 0, 7.5]},
			"faces": {
				"north": {"uv": [3, 10, 2, 11], "texture": "#1"},
				"east": {"uv": [2, 10, 3, 11], "texture": "#1"},
				"south": {"uv": [2, 10, 3, 11], "texture": "#1"},
				"west": {"uv": [2, 10, 3, 11], "texture": "#1"},
				"up": {"uv": [2, 10, 3, 11], "texture": "#1"},
				"down": {"uv": [2, 10, 3, 11], "texture": "#1"}
			}
		},
		{
			"name": "template_cleaver_17",
			"from": [8, 5, 7.5],
			"to": [9, 6, 8.5],
			"rotation": {"angle": 0, "axis": "y", "origin": [0, 0, 7.5]},
			"faces": {
				"north": {"uv": [9, 10, 8, 11], "texture": "#1"},
				"east": {"uv": [8, 10, 9, 11], "texture": "#1"},
				"south": {"uv": [8, 10, 9, 11], "texture": "#1"},
				"west": {"uv": [8, 10, 9, 11], "texture": "#1"},
				"up": {"uv": [8, 10, 9, 11], "texture": "#1"},
				"down": {"uv": [8, 10, 9, 11], "texture": "#1"}
			}
		},
		{
			"name": "template_cleaver_18",
			"from": [3, 4, 7.5],
			"to": [4, 5, 8.5],
			"rotation": {"angle": 0, "axis": "y", "origin": [0, 0, 7.5]},
			"faces": {
				"north": {"uv": [4, 11, 3, 12], "texture": "#1"},
				"east": {"uv": [3, 11, 4, 12], "texture": "#1"},
				"south": {"uv": [3, 11, 4, 12], "texture": "#1"},
				"west": {"uv": [3, 11, 4, 12], "texture": "#1"},
				"up": {"uv": [3, 11, 4, 12], "texture": "#1"},
				"down": {"uv": [3, 11, 4, 12], "texture": "#1"}
			}
		},
		{
			"name": "template_cleaver_19",
			"from": [7, 4, 7.5],
			"to": [8, 5, 8.5],
			"rotation": {"angle": 0, "axis": "y", "origin": [0, 0, 7.5]},
			"faces": {
				"north": {"uv": [8, 11, 7, 12], "texture": "#1"},
				"east": {"uv": [7, 11, 8, 12], "texture": "#1"},
				"south": {"uv": [7, 11, 8, 12], "texture": "#1"},
				"west": {"uv": [7, 11, 8, 12], "texture": "#1"},
				"up": {"uv": [7, 11, 8, 12], "texture": "#1"},
				"down": {"uv": [7, 11, 8, 12], "texture": "#1"}
			}
		},
		{
			"name": "template_cleaver_20",
			"from": [2, 3, 7.5],
			"to": [3, 4, 8.5],
			"rotation": {"angle": 0, "axis": "y", "origin": [0, 0, 7.5]},
			"faces": {
				"north": {"uv": [3, 12, 2, 13], "texture": "#1"},
				"east": {"uv": [2, 12, 3, 13], "texture": "#1"},
				"south": {"uv": [2, 12, 3, 13], "texture": "#1"},
				"west": {"uv": [2, 12, 3, 13], "texture": "#1"},
				"up": {"uv": [2, 12, 3, 13], "texture": "#1"},
				"down": {"uv": [2, 12, 3, 13], "texture": "#1"}
			}
		},
		{
			"name": "template_cleaver_21",
			"from": [4, 3, 7.5],
			"to": [5, 4, 8.5],
			"rotation": {"angle": 0, "axis": "y", "origin": [0, 0, 7.5]},
			"faces": {
				"north": {"uv": [5, 12, 4, 13], "texture": "#1"},
				"east": {"uv": [4, 12, 5, 13], "texture": "#1"},
				"south": {"uv": [4, 12, 5, 13], "texture": "#1"},
				"west": {"uv": [4, 12, 5, 13], "texture": "#1"},
				"up": {"uv": [4, 12, 5, 13], "texture": "#1"},
				"down": {"uv": [4, 12, 5, 13], "texture": "#1"}
			}
		},
		{
			"name": "template_cleaver_22",
			"from": [6, 2, 7.5],
			"to": [7, 4, 8.5],
			"rotation": {"angle": 0, "axis": "y", "origin": [0, 0, 7.5]},
			"faces": {
				"north": {"uv": [7, 12, 6, 14], "texture": "#1"},
				"east": {"uv": [6, 12, 7, 14], "texture": "#1"},
				"south": {"uv": [6, 12, 7, 14], "texture": "#1"},
				"west": {"uv": [6, 12, 7, 14], "texture": "#1"},
				"up": {"uv": [6, 12, 7, 13], "texture": "#1"},
				"down": {"uv": [6, 13, 7, 14], "texture": "#1"}
			}
		},
		{
			"name": "template_cleaver_23",
			"from": [0, 2, 7.5],
			"to": [2, 3, 8.5],
			"rotation": {"angle": 0, "axis": "y", "origin": [0, 0, 7.5]},
			"faces": {
				"north": {"uv": [2, 13, 0, 14], "texture": "#1"},
				"east": {"uv": [1, 13, 2, 14], "texture": "#1"},
				"south": {"uv": [0, 13, 2, 14], "texture": "#1"},
				"west": {"uv": [0, 13, 1, 14], "texture": "#1"},
				"up": {"uv": [0, 13, 2, 14], "texture": "#1"},
				"down": {"uv": [0, 13, 2, 14], "texture": "#1"}
			}
		},
		{
			"name": "template_cleaver_24",
			"from": [3, 2, 7.5],
			"to": [4, 3, 8.5],
			"rotation": {"angle": 0, "axis": "y", "origin": [0, 0, 7.5]},
			"faces": {
				"north": {"uv": [4, 13, 3, 14], "texture": "#1"},
				"east": {"uv": [3, 13, 4, 14], "texture": "#1"},
				"south": {"uv": [3, 13, 4, 14], "texture": "#1"},
				"west": {"uv": [3, 13, 4, 14], "texture": "#1"},
				"up": {"uv": [3, 13, 4, 14], "texture": "#1"},
				"down": {"uv": [3, 13, 4, 14], "texture": "#1"}
			}
		},
		{
			"name": "template_cleaver_25",
			"from": [5, 2, 7.5],
			"to": [6, 3, 8.5],
			"rotation": {"angle": 0, "axis": "y", "origin": [0, 0, 7.5]},
			"faces": {
				"north": {"uv": [6, 13, 5, 14], "texture": "#1"},
				"east": {"uv": [5, 13, 6, 14], "texture": "#1"},
				"south": {"uv": [5, 13, 6, 14], "texture": "#1"},
				"west": {"uv": [5, 13, 6, 14], "texture": "#1"},
				"up": {"uv": [5, 13, 6, 14], "texture": "#1"},
				"down": {"uv": [5, 13, 6, 14], "texture": "#1"}
			}
		},
		{
			"name": "template_cleaver_26",
			"from": [0, 0, 7.5],
			"to": [1, 2, 8.5],
			"rotation": {"angle": 0, "axis": "y", "origin": [0, 0, 7.5]},
			"faces": {
				"north": {"uv": [1, 14, 0, 16], "texture": "#1"},
				"east": {"uv": [0, 14, 1, 16], "texture": "#1"},
				"south": {"uv": [0, 14, 1, 16], "texture": "#1"},
				"west": {"uv": [0, 14, 1, 16], "texture": "#1"},
				"up": {"uv": [0, 14, 1, 15], "texture": "#1"},
				"down": {"uv": [0, 15, 1, 16], "texture": "#1"}
			}
		},
		{
			"name": "template_cleaver_27",
			"from": [2, 0, 7.5],
			"to": [3, 2, 8.5],
			"rotation": {"angle": 0, "axis": "y", "origin": [0, 0, 7.5]},
			"faces": {
				"north": {"uv": [3, 14, 2, 16], "texture": "#1"},
				"east": {"uv": [2, 14, 3, 16], "texture": "#1"},
				"south": {"uv": [2, 14, 3, 16], "texture": "#1"},
				"west": {"uv": [2, 14, 3, 16], "texture": "#1"},
				"up": {"uv": [2, 14, 3, 15], "texture": "#1"},
				"down": {"uv": [2, 15, 3, 16], "texture": "#1"}
			}
		},
		{
			"name": "template_cleaver_28",
			"from": [1, 0, 7.5],
			"to": [2, 1, 8.5],
			"rotation": {"angle": 0, "axis": "y", "origin": [0, 0, 7.5]},
			"faces": {
				"north": {"uv": [2, 15, 1, 16], "texture": "#1"},
				"east": {"uv": [1, 15, 2, 16], "texture": "#1"},
				"south": {"uv": [1, 15, 2, 16], "texture": "#1"},
				"west": {"uv": [1, 15, 2, 16], "texture": "#1"},
				"up": {"uv": [1, 15, 2, 16], "texture": "#1"},
				"down": {"uv": [1, 15, 2, 16], "texture": "#1"}
			}
		}
	],
	"gui_light": "front",
	"display": {
		"thirdperson_righthand": {
			"rotation": [0, -90, 55],
			"translation": [0, 4, 0.5],
			"scale": [0.85, 0.85, 0.85]
		},
		"thirdperson_lefthand": {
			"rotation": [0, 90, -55],
			"translation": [0, 4, 0.5],
			"scale": [0.85, 0.85, 0.85]
		},
		"firstperson_righthand": {
			"rotation": [0, -90, 25],
			"translation": [1.13, 3.2, 1.13],
			"scale": [0.68, 0.68, 0.68]
		},
		"firstperson_lefthand": {
			"rotation": [0, 90, -25],
			"translation": [1.13, 3.2, 1.13],
			"scale": [0.68, 0.68, 0.68]
		},
		"fixed": {
			"rotation": [0, 180, 0]
		}
	},
	"groups": [
		{
			"name": "template_cleaver",
			"origin": [8, 8, 8],
			"color": 0,
			"children": [0, 1, 2, 3, 4, 5, 6, 7, 8, 9, 10, 11, 12, 13, 14, 15, 16, 17, 18, 19, 20, 21, 22, 23, 24, 25, 26, 27, 28]
		}
	]
}