{
	"credit": "Made with Blockbench",
	"elements": [
		{
			"name": "diamond_twin_blade_0",
			"from": [13, 13, 8],
			"to": [15, 15, 8.5],
			"rotation": {"angle": 0, "axis": "y", "origin": [0, 0, 8]},
			"faces": {
				"north": {"uv": [15, 1, 13, 3], "texture": "#2"},
				"east": {"uv": [14.5, 1, 15, 3], "texture": "#2"},
				"south": {"uv": [13, 1, 15, 3], "texture": "#2"},
				"west": {"uv": [13, 1, 13.5, 3], "texture": "#2"},
				"up": {"uv": [13, 1, 15, 1.5], "texture": "#2"},
				"down": {"uv": [13, 2.5, 15, 3], "texture": "#2"}
			}
		},
		{
			"name": "diamond_twin_blade_1",
			"from": [15, 13.5, 8],
			"to": [15.5, 15, 8.5],
			"rotation": {"angle": 0, "axis": "y", "origin": [0, 0, 8]},
			"faces": {
				"north": {"uv": [15.5, 1, 15, 2.5], "texture": "#2"},
				"east": {"uv": [15, 1, 15.5, 2.5], "texture": "#2"},
				"south": {"uv": [15, 1, 15.5, 2.5], "texture": "#2"},
				"west": {"uv": [15, 1, 15.5, 2.5], "texture": "#2"},
				"up": {"uv": [15, 1, 15.5, 1.5], "texture": "#2"},
				"down": {"uv": [15, 2, 15.5, 2.5], "texture": "#2"}
			}
		},
		{
			"name": "diamond_twin_blade_2",
			"from": [12.5, 11, 8],
			"to": [13, 14.5, 8.5],
			"rotation": {"angle": 0, "axis": "y", "origin": [0, 0, 8]},
			"faces": {
				"north": {"uv": [13, 1.5, 12.5, 5], "texture": "#2"},
				"east": {"uv": [12.5, 1.5, 13, 5], "texture": "#2"},
				"south": {"uv": [12.5, 1.5, 13, 5], "texture": "#2"},
				"west": {"uv": [12.5, 1.5, 13, 5], "texture": "#2"},
				"up": {"uv": [12.5, 1.5, 13, 2], "texture": "#2"},
				"down": {"uv": [12.5, 4.5, 13, 5], "texture": "#2"}
			}
		},
		{
			"name": "diamond_twin_blade_3",
			"from": [12, 10.5, 8],
			"to": [12.5, 14, 8.5],
			"rotation": {"angle": 0, "axis": "y", "origin": [0, 0, 8]},
			"faces": {
				"north": {"uv": [12.5, 2, 12, 5.5], "texture": "#2"},
				"east": {"uv": [12, 2, 12.5, 5.5], "texture": "#2"},
				"south": {"uv": [12, 2, 12.5, 5.5], "texture": "#2"},
				"west": {"uv": [12, 2, 12.5, 5.5], "texture": "#2"},
				"up": {"uv": [12, 2, 12.5, 2.5], "texture": "#2"},
				"down": {"uv": [12, 5, 12.5, 5.5], "texture": "#2"}
			}
		},
		{
			"name": "diamond_twin_blade_4",
			"from": [11.5, 10, 8],
			"to": [12, 13.5, 8.5],
			"rotation": {"angle": 0, "axis": "y", "origin": [0, 0, 8]},
			"faces": {
				"north": {"uv": [12, 2.5, 11.5, 6], "texture": "#2"},
				"east": {"uv": [11.5, 2.5, 12, 6], "texture": "#2"},
				"south": {"uv": [11.5, 2.5, 12, 6], "texture": "#2"},
				"west": {"uv": [11.5, 2.5, 12, 6], "texture": "#2"},
				"up": {"uv": [11.5, 2.5, 12, 3], "texture": "#2"},
				"down": {"uv": [11.5, 5.5, 12, 6], "texture": "#2"}
			}
		},
		{
			"name": "diamond_twin_blade_5",
			"from": [11, 9.5, 8],
			"to": [11.5, 13, 8.5],
			"rotation": {"angle": 0, "axis": "y", "origin": [0, 0, 8]},
			"faces": {
				"north": {"uv": [11.5, 3, 11, 6.5], "texture": "#2"},
				"east": {"uv": [11, 3, 11.5, 6.5], "texture": "#2"},
				"south": {"uv": [11, 3, 11.5, 6.5], "texture": "#2"},
				"west": {"uv": [11, 3, 11.5, 6.5], "texture": "#2"},
				"up": {"uv": [11, 3, 11.5, 3.5], "texture": "#2"},
				"down": {"uv": [11, 6, 11.5, 6.5], "texture": "#2"}
			}
		},
		{
			"name": "diamond_twin_blade_6",
			"from": [13, 12, 8],
			"to": [14, 13, 8.5],
			"rotation": {"angle": 0, "axis": "y", "origin": [0, 0, 8]},
			"faces": {
				"north": {"uv": [14, 3, 13, 4], "texture": "#2"},
				"east": {"uv": [13.5, 3, 14, 4], "texture": "#2"},
				"south": {"uv": [13, 3, 14, 4], "texture": "#2"},
				"west": {"uv": [13, 3, 13.5, 4], "texture": "#2"},
				"up": {"uv": [13, 3, 14, 3.5], "texture": "#2"},
				"down": {"uv": [13, 3.5, 14, 4], "texture": "#2"}
			}
		},
		{
			"name": "diamond_twin_blade_7",
			"from": [14, 12.5, 8],
			"to": [14.5, 13, 8.5],
			"rotation": {"angle": 0, "axis": "y", "origin": [0, 0, 8]},
			"faces": {
				"north": {"uv": [14.5, 3, 14, 3.5], "texture": "#2"},
				"east": {"uv": [14, 3, 14.5, 3.5], "texture": "#2"},
				"south": {"uv": [14, 3, 14.5, 3.5], "texture": "#2"},
				"west": {"uv": [14, 3, 14.5, 3.5], "texture": "#2"},
				"up": {"uv": [14, 3, 14.5, 3.5], "texture": "#2"},
				"down": {"uv": [14, 3, 14.5, 3.5], "texture": "#2"}
			}
		},
		{
			"name": "diamond_twin_blade_8",
			"from": [10.5, 9, 8],
			"to": [11, 12.5, 8.5],
			"rotation": {"angle": 0, "axis": "y", "origin": [0, 0, 8]},
			"faces": {
				"north": {"uv": [11, 3.5, 10.5, 7], "texture": "#2"},
				"east": {"uv": [10.5, 3.5, 11, 7], "texture": "#2"},
				"south": {"uv": [10.5, 3.5, 11, 7], "texture": "#2"},
				"west": {"uv": [10.5, 3.5, 11, 7], "texture": "#2"},
				"up": {"uv": [10.5, 3.5, 11, 4], "texture": "#2"},
				"down": {"uv": [10.5, 6.5, 11, 7], "texture": "#2"}
			}
		},
		{
			"name": "diamond_twin_blade_9",
			"from": [10, 8.5, 8],
			"to": [10.5, 12, 8.5],
			"rotation": {"angle": 0, "axis": "y", "origin": [0, 0, 8]},
			"faces": {
				"north": {"uv": [10.5, 4, 10, 7.5], "texture": "#2"},
				"east": {"uv": [10, 4, 10.5, 7.5], "texture": "#2"},
				"south": {"uv": [10, 4, 10.5, 7.5], "texture": "#2"},
				"west": {"uv": [10, 4, 10.5, 7.5], "texture": "#2"},
				"up": {"uv": [10, 4, 10.5, 4.5], "texture": "#2"},
				"down": {"uv": [10, 7, 10.5, 7.5], "texture": "#2"}
			}
		},
		{
			"name": "diamond_twin_blade_10",
			"from": [13, 11.5, 8],
			"to": [13.5, 12, 8.5],
			"rotation": {"angle": 0, "axis": "y", "origin": [0, 0, 8]},
			"faces": {
				"north": {"uv": [13.5, 4, 13, 4.5], "texture": "#2"},
				"east": {"uv": [13, 4, 13.5, 4.5], "texture": "#2"},
				"south": {"uv": [13, 4, 13.5, 4.5], "texture": "#2"},
				"west": {"uv": [13, 4, 13.5, 4.5], "texture": "#2"},
				"up": {"uv": [13, 4, 13.5, 4.5], "texture": "#2"},
				"down": {"uv": [13, 4, 13.5, 4.5], "texture": "#2"}
			}
		},
		{
			"name": "diamond_twin_blade_11",
			"from": [9.5, 7.5, 8],
			"to": [10, 11.5, 8.5],
			"rotation": {"angle": 0, "axis": "y", "origin": [0, 0, 8]},
			"faces": {
				"north": {"uv": [10, 4.5, 9.5, 8.5], "texture": "#2"},
				"east": {"uv": [9.5, 4.5, 10, 8.5], "texture": "#2"},
				"south": {"uv": [9.5, 4.5, 10, 8.5], "texture": "#2"},
				"west": {"uv": [9.5, 4.5, 10, 8.5], "texture": "#2"},
				"up": {"uv": [9.5, 4.5, 10, 5], "texture": "#2"},
				"down": {"uv": [9.5, 8, 10, 8.5], "texture": "#2"}
			}
		},
		{
			"name": "diamond_twin_blade_12",
			"from": [9, 7.5, 8],
			"to": [9.5, 11, 8.5],
			"rotation": {"angle": 0, "axis": "y", "origin": [0, 0, 8]},
			"faces": {
				"north": {"uv": [9.5, 5, 9, 8.5], "texture": "#2"},
				"east": {"uv": [9, 5, 9.5, 8.5], "texture": "#2"},
				"south": {"uv": [9, 5, 9.5, 8.5], "texture": "#2"},
				"west": {"uv": [9, 5, 9.5, 8.5], "texture": "#2"},
				"up": {"uv": [9, 5, 9.5, 5.5], "texture": "#2"},
				"down": {"uv": [9, 8, 9.5, 8.5], "texture": "#2"}
			}
		},
		{
			"name": "diamond_twin_blade_13",
			"from": [8.5, 8, 8],
			"to": [9, 10.5, 8.5],
			"rotation": {"angle": 0, "axis": "y", "origin": [0, 0, 8]},
			"faces": {
				"north": {"uv": [9, 5.5, 8.5, 8], "texture": "#2"},
				"east": {"uv": [8.5, 5.5, 9, 8], "texture": "#2"},
				"south": {"uv": [8.5, 5.5, 9, 8], "texture": "#2"},
				"west": {"uv": [8.5, 5.5, 9, 8], "texture": "#2"},
				"up": {"uv": [8.5, 5.5, 9, 6], "texture": "#2"},
				"down": {"uv": [8.5, 7.5, 9, 8], "texture": "#2"}
			}
		},
		{
			"name": "diamond_twin_blade_14",
			"from": [7.5, 9, 8],
			"to": [8.5, 10, 8.5],
			"rotation": {"angle": 0, "axis": "y", "origin": [0, 0, 8]},
			"faces": {
				"north": {"uv": [8.5, 6, 7.5, 7], "texture": "#2"},
				"east": {"uv": [8, 6, 8.5, 7], "texture": "#2"},
				"south": {"uv": [7.5, 6, 8.5, 7], "texture": "#2"},
				"west": {"uv": [7.5, 6, 8, 7], "texture": "#2"},
				"up": {"uv": [7.5, 6, 8.5, 6.5], "texture": "#2"},
				"down": {"uv": [7.5, 6.5, 8.5, 7], "texture": "#2"}
			}
		},
		{
			"name": "diamond_twin_blade_15",
			"from": [8, 7.5, 8],
			"to": [8.5, 9, 8.5],
			"rotation": {"angle": 0, "axis": "y", "origin": [0, 0, 8]},
			"faces": {
				"north": {"uv": [8.5, 7, 8, 8.5], "texture": "#2"},
				"east": {"uv": [8, 7, 8.5, 8.5], "texture": "#2"},
				"south": {"uv": [8, 7, 8.5, 8.5], "texture": "#2"},
				"west": {"uv": [8, 7, 8.5, 8.5], "texture": "#2"},
				"up": {"uv": [8, 7, 8.5, 7.5], "texture": "#2"},
				"down": {"uv": [8, 8, 8.5, 8.5], "texture": "#2"}
			}
		},
		{
			"name": "diamond_twin_blade_16",
			"from": [7.5, 7, 8],
			"to": [8, 8.5, 8.5],
			"rotation": {"angle": 0, "axis": "y", "origin": [0, 0, 8]},
			"faces": {
				"north": {"uv": [8, 7.5, 7.5, 9], "texture": "#2"},
				"east": {"uv": [7.5, 7.5, 8, 9], "texture": "#2"},
				"south": {"uv": [7.5, 7.5, 8, 9], "texture": "#2"},
				"west": {"uv": [7.5, 7.5, 8, 9], "texture": "#2"},
				"up": {"uv": [7.5, 7.5, 8, 8], "texture": "#2"},
				"down": {"uv": [7.5, 8.5, 8, 9], "texture": "#2"}
			}
		},
		{
			"name": "diamond_twin_blade_17",
			"from": [5.5, 4.5, 8],
			"to": [6.5, 8, 8.5],
			"rotation": {"angle": 0, "axis": "y", "origin": [0, 0, 8]},
			"faces": {
				"north": {"uv": [6.5, 8, 5.5, 11.5], "texture": "#2"},
				"east": {"uv": [6, 8, 6.5, 11.5], "texture": "#2"},
				"south": {"uv": [5.5, 8, 6.5, 11.5], "texture": "#2"},
				"west": {"uv": [5.5, 8, 6, 11.5], "texture": "#2"},
				"up": {"uv": [5.5, 8, 6.5, 8.5], "texture": "#2"},
				"down": {"uv": [5.5, 11, 6.5, 11.5], "texture": "#2"}
			}
		},
		{
			"name": "diamond_twin_blade_18",
			"from": [7, 5.5, 8],
			"to": [7.5, 8, 8.5],
			"rotation": {"angle": 0, "axis": "y", "origin": [0, 0, 8]},
			"faces": {
				"north": {"uv": [7.5, 8, 7, 10.5], "texture": "#2"},
				"east": {"uv": [7, 8, 7.5, 10.5], "texture": "#2"},
				"south": {"uv": [7, 8, 7.5, 10.5], "texture": "#2"},
				"west": {"uv": [7, 8, 7.5, 10.5], "texture": "#2"},
				"up": {"uv": [7, 8, 7.5, 8.5], "texture": "#2"},
				"down": {"uv": [7, 10, 7.5, 10.5], "texture": "#2"}
			}
		},
		{
			"name": "diamond_twin_blade_19",
			"from": [6.5, 5, 8],
			"to": [7, 7.5, 8.5],
			"rotation": {"angle": 0, "axis": "y", "origin": [0, 0, 8]},
			"faces": {
				"north": {"uv": [7, 8.5, 6.5, 11], "texture": "#2"},
				"east": {"uv": [6.5, 8.5, 7, 11], "texture": "#2"},
				"south": {"uv": [6.5, 8.5, 7, 11], "texture": "#2"},
				"west": {"uv": [6.5, 8.5, 7, 11], "texture": "#2"},
				"up": {"uv": [6.5, 8.5, 7, 9], "texture": "#2"},
				"down": {"uv": [6.5, 10.5, 7, 11], "texture": "#2"}
			}
		},
		{
			"name": "diamond_twin_blade_20",
			"from": [5, 3.5, 8],
			"to": [5.5, 7, 8.5],
			"rotation": {"angle": 0, "axis": "y", "origin": [0, 0, 8]},
			"faces": {
				"north": {"uv": [5.5, 9, 5, 12.5], "texture": "#2"},
				"east": {"uv": [5, 9, 5.5, 12.5], "texture": "#2"},
				"south": {"uv": [5, 9, 5.5, 12.5], "texture": "#2"},
				"west": {"uv": [5, 9, 5.5, 12.5], "texture": "#2"},
				"up": {"uv": [5, 9, 5.5, 9.5], "texture": "#2"},
				"down": {"uv": [5, 12, 5.5, 12.5], "texture": "#2"}
			}
		},
		{
			"name": "diamond_twin_blade_21",
			"from": [4.5, 3, 8],
			"to": [5, 6.5, 8.5],
			"rotation": {"angle": 0, "axis": "y", "origin": [0, 0, 8]},
			"faces": {
				"north": {"uv": [5, 9.5, 4.5, 13], "texture": "#2"},
				"east": {"uv": [4.5, 9.5, 5, 13], "texture": "#2"},
				"south": {"uv": [4.5, 9.5, 5, 13], "texture": "#2"},
				"west": {"uv": [4.5, 9.5, 5, 13], "texture": "#2"},
				"up": {"uv": [4.5, 9.5, 5, 10], "texture": "#2"},
				"down": {"uv": [4.5, 12.5, 5, 13], "texture": "#2"}
			}
		},
		{
			"name": "diamond_twin_blade_22",
			"from": [7.5, 5.5, 8],
			"to": [8, 6.5, 8.5],
			"rotation": {"angle": 0, "axis": "y", "origin": [0, 0, 8]},
			"faces": {
				"north": {"uv": [8, 9.5, 7.5, 10.5], "texture": "#2"},
				"east": {"uv": [7.5, 9.5, 8, 10.5], "texture": "#2"},
				"south": {"uv": [7.5, 9.5, 8, 10.5], "texture": "#2"},
				"west": {"uv": [7.5, 9.5, 8, 10.5], "texture": "#2"},
				"up": {"uv": [7.5, 9.5, 8, 10], "texture": "#2"},
				"down": {"uv": [7.5, 10, 8, 10.5], "texture": "#2"}
			}
		},
		{
			"name": "diamond_twin_blade_23",
			"from": [4, 2.5, 8],
			"to": [4.5, 6, 8.5],
			"rotation": {"angle": 0, "axis": "y", "origin": [0, 0, 8]},
			"faces": {
				"north": {"uv": [4.5, 10, 4, 13.5], "texture": "#2"},
				"east": {"uv": [4, 10, 4.5, 13.5], "texture": "#2"},
				"south": {"uv": [4, 10, 4.5, 13.5], "texture": "#2"},
				"west": {"uv": [4, 10, 4.5, 13.5], "texture": "#2"},
				"up": {"uv": [4, 10, 4.5, 10.5], "texture": "#2"},
				"down": {"uv": [4, 13, 4.5, 13.5], "texture": "#2"}
			}
		},
		{
			"name": "diamond_twin_blade_24",
			"from": [3.5, 2, 8],
			"to": [4, 5.5, 8.5],
			"rotation": {"angle": 0, "axis": "y", "origin": [0, 0, 8]},
			"faces": {
				"north": {"uv": [4, 10.5, 3.5, 14], "texture": "#2"},
				"east": {"uv": [3.5, 10.5, 4, 14], "texture": "#2"},
				"south": {"uv": [3.5, 10.5, 4, 14], "texture": "#2"},
				"west": {"uv": [3.5, 10.5, 4, 14], "texture": "#2"},
				"up": {"uv": [3.5, 10.5, 4, 11], "texture": "#2"},
				"down": {"uv": [3.5, 13.5, 4, 14], "texture": "#2"}
			}
		},
		{
			"name": "diamond_twin_blade_25",
			"from": [3, 1.5, 8],
			"to": [3.5, 5, 8.5],
			"rotation": {"angle": 0, "axis": "y", "origin": [0, 0, 8]},
			"faces": {
				"north": {"uv": [3.5, 11, 3, 14.5], "texture": "#2"},
				"east": {"uv": [3, 11, 3.5, 14.5], "texture": "#2"},
				"south": {"uv": [3, 11, 3.5, 14.5], "texture": "#2"},
				"west": {"uv": [3, 11, 3.5, 14.5], "texture": "#2"},
				"up": {"uv": [3, 11, 3.5, 11.5], "texture": "#2"},
				"down": {"uv": [3, 14, 3.5, 14.5], "texture": "#2"}
			}
		},
		{
			"name": "diamond_twin_blade_26",
			"from": [2.5, 1, 8],
			"to": [3, 4.5, 8.5],
			"rotation": {"angle": 0, "axis": "y", "origin": [0, 0, 8]},
			"faces": {
				"north": {"uv": [3, 11.5, 2.5, 15], "texture": "#2"},
				"east": {"uv": [2.5, 11.5, 3, 15], "texture": "#2"},
				"south": {"uv": [2.5, 11.5, 3, 15], "texture": "#2"},
				"west": {"uv": [2.5, 11.5, 3, 15], "texture": "#2"},
				"up": {"uv": [2.5, 11.5, 3, 12], "texture": "#2"},
				"down": {"uv": [2.5, 14.5, 3, 15], "texture": "#2"}
			}
		},
		{
			"name": "diamond_twin_blade_27",
			"from": [5.5, 4, 8],
			"to": [6, 4.5, 8.5],
			"rotation": {"angle": 0, "axis": "y", "origin": [0, 0, 8]},
			"faces": {
				"north": {"uv": [6, 11.5, 5.5, 12], "texture": "#2"},
				"east": {"uv": [5.5, 11.5, 6, 12], "texture": "#2"},
				"south": {"uv": [5.5, 11.5, 6, 12], "texture": "#2"},
				"west": {"uv": [5.5, 11.5, 6, 12], "texture": "#2"},
				"up": {"uv": [5.5, 11.5, 6, 12], "texture": "#2"},
				"down": {"uv": [5.5, 11.5, 6, 12], "texture": "#2"}
			}
		},
		{
			"name": "diamond_twin_blade_28",
			"from": [2, 0.5, 8],
			"to": [2.5, 4, 8.5],
			"rotation": {"angle": 0, "axis": "y", "origin": [0, 0, 8]},
			"faces": {
				"north": {"uv": [2.5, 12, 2, 15.5], "texture": "#2"},
				"east": {"uv": [2, 12, 2.5, 15.5], "texture": "#2"},
				"south": {"uv": [2, 12, 2.5, 15.5], "texture": "#2"},
				"west": {"uv": [2, 12, 2.5, 15.5], "texture": "#2"},
				"up": {"uv": [2, 12, 2.5, 12.5], "texture": "#2"},
				"down": {"uv": [2, 15, 2.5, 15.5], "texture": "#2"}
			}
		},
		{
			"name": "diamond_twin_blade_29",
			"from": [1.5, 0.5, 8],
			"to": [2, 3.5, 8.5],
			"rotation": {"angle": 0, "axis": "y", "origin": [0, 0, 8]},
			"faces": {
				"north": {"uv": [2, 12.5, 1.5, 15.5], "texture": "#2"},
				"east": {"uv": [1.5, 12.5, 2, 15.5], "texture": "#2"},
				"south": {"uv": [1.5, 12.5, 2, 15.5], "texture": "#2"},
				"west": {"uv": [1.5, 12.5, 2, 15.5], "texture": "#2"},
				"up": {"uv": [1.5, 12.5, 2, 13], "texture": "#2"},
				"down": {"uv": [1.5, 15, 2, 15.5], "texture": "#2"}
			}
		},
		{
			"name": "diamond_twin_blade_30",
			"from": [1, 0.5, 8],
			"to": [1.5, 3, 8.5],
			"rotation": {"angle": 0, "axis": "y", "origin": [0, 0, 8]},
			"faces": {
				"north": {"uv": [1.5, 13, 1, 15.5], "texture": "#2"},
				"east": {"uv": [1, 13, 1.5, 15.5], "texture": "#2"},
				"south": {"uv": [1, 13, 1.5, 15.5], "texture": "#2"},
				"west": {"uv": [1, 13, 1.5, 15.5], "texture": "#2"},
				"up": {"uv": [1, 13, 1.5, 13.5], "texture": "#2"},
				"down": {"uv": [1, 15, 1.5, 15.5], "texture": "#2"}
			}
		},
		{
			"name": "diamond_twin_blade_31",
			"from": [0.5, 0.5, 8],
			"to": [1, 2.5, 8.5],
			"rotation": {"angle": 0, "axis": "y", "origin": [0, 0, 8]},
			"faces": {
				"north": {"uv": [1, 13.5, 0.5, 15.5], "texture": "#2"},
				"east": {"uv": [0.5, 13.5, 1, 15.5], "texture": "#2"},
				"south": {"uv": [0.5, 13.5, 1, 15.5], "texture": "#2"},
				"west": {"uv": [0.5, 13.5, 1, 15.5], "texture": "#2"},
				"up": {"uv": [0.5, 13.5, 1, 14], "texture": "#2"},
				"down": {"uv": [0.5, 15, 1, 15.5], "texture": "#2"}
			}
		},
		{
			"name": "diamond_twin_blade_32",
			"from": [0, 0.5, 8],
			"to": [0.5, 2, 8.5],
			"rotation": {"angle": 0, "axis": "y", "origin": [0, 0, 8]},
			"faces": {
				"north": {"uv": [0.5, 14, 0, 15.5], "texture": "#2"},
				"east": {"uv": [0, 14, 0.5, 15.5], "texture": "#2"},
				"south": {"uv": [0, 14, 0.5, 15.5], "texture": "#2"},
				"west": {"uv": [0, 14, 0.5, 15.5], "texture": "#2"},
				"up": {"uv": [0, 14, 0.5, 14.5], "texture": "#2"},
				"down": {"uv": [0, 15, 0.5, 15.5], "texture": "#2"}
			}
		}
	],
	"gui_light": "front",
	"display": {
		"thirdperson_righthand": {
			"rotation": [-9, 90, 55],
			"translation": [-0.25, -1.25, 0.5],
			"scale": [2, 2, 2]
		},
		"thirdperson_lefthand": {
			"rotation": [-97, -90, -152],
			"translation": [0.75, -1.25, 0.75],
			"scale": [2, 2, 2]
		},
		"firstperson_righthand": {
			"rotation": [-6, -77, 35],
			"translation": [12.25, -3.75, -7.87],
			"scale": [2, 2, 2]
		},
		"firstperson_lefthand": {
			"rotation": [22, 120, -68],
			"translation": [13.5, -3.25, -7.37],
			"scale": [2, 2, 2]
		},
		"ground": {
			"translation": [0, 4, 0]
		},
		"gui": {
			"scale": [1.5, 1.5, 1.5]
		},
		"fixed": {
			"rotation": [0, 180, 0],
			"translation": [0, 0, 2],
			"scale": [2, 2, 2]
		}
	},
	"groups": [
		{
			"name": "diamond_twin_blade",
			"origin": [8, 8, 8],
			"color": 0,
			"children": [0, 1, 2, 3, 4, 5, 6, 7, 8, 9, 10, 11, 12, 13, 14, 15, 16, 17, 18, 19, 20, 21, 22, 23, 24, 25, 26, 27, 28, 29, 30, 31, 32]
		}
	]
}